"";"D115R01.R1.fastq";"D115R02.R1.fastq";"D115R03.R1.fastq";"D115R04.R1.fastq";"D115R05.R1.fastq";"D115R06.R1.fastq";"D115R07.R1.fastq";"D115R08.R1.fastq";"D115R09.R1.fastq";"D115R10.R1.fastq";"D115R11.R1.fastq";"D115R12.R1.fastq";"D115R13.R1.fastq";"D115R14.R1.fastq";"D115R15.R1.fastq";"D115R16.R1.fastq";"D115R17.R1.fastq";"D115R18.R1.fastq";"D115R19.R1.fastq";"D115R20.R1.fastq";"D115R21.R1.fastq";"D115R22.R1.fastq";"D115R23.R1.fastq";"D115R24.R1.fastq";"D115R25.R1.fastq";"D115R26.R1.fastq";"D115R27.R1.fastq";"D115R28.R1.fastq";"gene";"sequence"
"sgTBC1D15_7";53;163;144;61;116;135;597;326;143;80;224;157;9;4;24;203;138;232;182;112;131;342;70;453;209;353;155;840;"TBC1D15";"AAAACAAAGAGGGTATGGGC"
"sgIFNA5_4";15;36;93;3;103;55;17;4;31;0;354;182;5;5;407;109;29;52;2;513;54;52;25;47;236;7;3;4;"IFNA5";"AAAACAAAGGGCAAGGCCAT"
"sgRTL1_4";663;274;631;368;377;480;467;267;640;331;608;517;16;42;127;277;497;115;609;261;659;396;435;604;683;261;471;781;"RTL1";"AAAACAAATGGAGTCCTCCG"
"sgLILRA4_6";10;18;40;12;69;46;23;0;15;0;6;145;1;0;11;16;90;11;20;8;3;13;9;2;9;28;0;6;"LILRA4";"AAAACAACACCCCATACGTG"
"sgA1BG_10";36;208;251;128;283;123;345;710;190;120;309;435;454;491;50;470;222;296;76;389;133;268;303;502;275;455;343;330;"A1BG";"AAAACAACAGCAGTGTGCCG"
"sgEDNRA_9";1118;344;445;969;544;406;538;404;314;408;1364;673;1203;988;1018;544;524;427;593;116;786;755;508;414;365;651;573;1133;"EDNRA";"AAAACAACCACAACACAGAC"
"sgTUBGCP4_10";2;15;34;1;30;30;36;28;29;1;5;51;19;2;417;27;41;3;102;3;86;18;19;146;4;67;1;750;"TUBGCP4";"AAAACAACTGAGAGAACTGC"
"sgTIFA_3";70;275;382;295;789;765;749;747;606;349;564;448;847;351;468;755;308;547;1335;587;585;169;702;916;630;447;474;490;"TIFA";"AAAACAACTGGCCACCACAC"
"sgTXNDC16_1";9;96;125;58;92;162;179;399;120;237;253;227;119;258;197;117;270;130;101;10;73;45;179;222;273;250;313;92;"TXNDC16";"AAAACAAGAAGAGGAAGGGG"
"sgTXNDC2_10";432;197;357;517;288;155;125;96;208;93;208;482;260;413;27;70;237;103;67;373;465;1050;290;293;461;104;29;242;"TXNDC2";"AAAACAAGCCATCCAGCCCA"
"sgCEP89_4";17;136;200;179;131;162;280;608;352;89;128;171;956;12;41;212;203;91;207;549;235;55;503;306;251;159;54;601;"CEP89";"AAAACAAGCTCAAGAACTGG"
"sgRNMTL1_2";32;151;242;71;238;221;331;392;343;184;463;152;13;457;64;30;166;138;736;95;195;269;456;227;135;89;165;249;"RNMTL1";"AAAACAAGGGAAGATCCTGC"
"sgMTX3_5";151;96;199;190;107;147;106;69;26;20;49;212;5;180;27;157;179;36;436;357;130;31;215;113;25;263;119;99;"MTX3";"AAAACAAGGGGCAGATACAT"
"sgTMEM59L_7";106;156;262;130;329;337;266;294;252;32;254;277;137;45;41;130;115;50;247;148;520;155;180;310;545;221;68;351;"TMEM59L";"AAAACAAGTCCAAGAGGGAG"
"sgSGOL2_10";1341;465;633;1356;860;542;524;742;688;723;808;892;424;47;367;732;328;444;1330;293;916;792;714;1465;1020;862;468;1536;"SGOL2";"AAAACAATCTCACCTCTGGG"
"sgARMC10_7";13;118;157;123;137;139;152;178;186;159;135;220;72;8;36;29;161;152;130;171;177;89;98;226;134;335;115;198;"ARMC10";"AAAACACACACCAGGCTGCG"
"sgALDOC_3";59;138;24;20;44;75;9;452;84;5;89;45;2;5;890;79;38;52;6;42;154;131;125;183;32;5;2;50;"ALDOC";"AAAACACAGAGGAGAACCGC"
"sgC1orf101_4";534;162;290;211;280;375;315;503;240;419;704;460;1199;698;393;390;187;218;533;732;430;568;230;749;120;407;329;681;"C1orf101";"AAAACACAGCAATCTCCAGA"
"sgTMEM106B_9";65;182;351;589;371;275;586;221;265;287;434;478;9;139;67;354;262;348;456;111;442;269;336;385;403;477;660;924;"TMEM106B";"AAAACACAGCCAATCCAGAA"
"sgSNTB2_5";40;140;209;26;163;68;189;74;44;101;346;205;4;772;398;127;115;198;244;153;88;536;200;405;177;44;7;458;"SNTB2";"AAAACACCAGAACAGCACCA"
"sgRNF217_8";386;339;343;292;780;463;333;874;248;565;566;513;13;463;234;614;455;186;570;977;859;723;430;716;618;409;346;290;"RNF217";"AAAACACCAGACGAATTGGC"
"sgRBM8A_6";24;57;113;74;106;149;29;69;48;198;258;162;2;2;14;21;85;12;19;1;65;43;52;303;362;48;11;17;"RBM8A";"AAAACACCAGTCAACGCTGA"
"sgITGB8_1";339;379;538;447;766;503;628;757;548;515;978;797;1618;690;1095;678;466;199;681;487;605;98;388;765;387;579;336;1059;"ITGB8";"AAAACACCCAGGCTGCCCAG"
"sgSERPIND1_7";351;389;622;163;479;567;689;262;428;901;782;735;1769;1834;458;682;401;545;834;177;610;705;551;302;511;622;864;339;"SERPIND1";"AAAACACCGTCACCAACGAC"
"sgC17orf102_3";8;170;157;5;97;105;75;249;138;48;94;166;436;9;30;124;35;101;8;146;107;104;171;339;65;29;115;112;"C17orf102";"AAAACACCTCCGGCGCCCGG"
"sgRBL1_10";56;123;103;78;134;131;335;68;26;75;512;212;1282;599;303;223;141;163;99;117;338;108;87;220;252;85;209;102;"RBL1";"AAAACACCTGACTGTTCCAG"
"sgCX3CR1_9";95;288;210;624;458;333;185;464;139;120;395;538;349;430;66;369;150;109;613;175;320;40;274;752;256;320;80;440;"CX3CR1";"AAAACACGATGACCACCAGA"
"sgCXorf58_2";16;119;244;465;258;284;245;127;80;158;370;349;20;94;325;283;146;61;181;106;493;96;49;195;434;179;390;248;"CXorf58";"AAAACACGCAATTTGTGCAG"
"sgIL2RG_4";586;149;340;121;310;236;277;145;204;26;487;449;78;457;871;679;255;249;327;62;128;328;271;226;313;358;15;318;"IL2RG";"AAAACACTGAACCTCTGGGA"
"sgALDOB_2";216;119;203;105;109;162;77;99;86;231;104;184;3;1;13;189;56;103;82;40;149;66;53;94;192;7;4;30;"ALDOB";"AAAACACTGAAGAGAACCGC"
"sgCYB5R2_9";286;11;70;10;89;123;29;55;47;18;109;102;0;1;13;36;25;4;127;28;2;7;30;72;82;145;2;66;"CYB5R2";"AAAACACTGGCCGATCACCT"
"sgNOBOX_1";1;31;79;26;34;90;49;42;74;4;17;12;1;3;6;233;39;23;149;813;123;19;107;109;212;368;6;60;"NOBOX";"AAAACAGAGACCACAAGCAG"
"sgATOH1_10";58;270;290;780;515;346;315;104;226;336;669;365;631;46;1364;482;215;170;511;81;242;124;440;328;549;536;36;689;"ATOH1";"AAAACAGCAAAACTTCGCCT"
"sgUGT2A1_2";188;218;277;195;188;303;220;131;293;75;187;239;11;412;332;148;196;147;274;483;143;891;133;130;295;448;40;331;"UGT2A1";"AAAACAGCAGGAACATAGGA"
"sgKIF2A_5";81;333;369;583;595;299;394;137;185;36;454;402;498;599;783;634;264;82;366;1024;80;1002;214;615;349;221;636;300;"KIF2A";"AAAACAGCAGGTTCAAGTGG"
"sgPCDHB9_7";24;75;28;89;131;37;14;31;36;85;176;83;4;163;28;205;59;53;78;345;172;329;180;45;117;47;18;19;"PCDHB9";"AAAACAGCCAATACTATCCC"
"sgKDM5D_3";348;122;140;53;171;226;79;197;109;154;195;334;701;60;308;259;166;97;363;63;476;56;135;175;412;304;23;234;"KDM5D";"AAAACAGCCAGAGCCTACAG"
"sgFKBP15_4";30;172;248;78;181;309;159;119;81;35;136;326;683;49;31;63;140;94;397;271;381;21;206;232;76;94;9;410;"FKBP15";"AAAACAGCCTAAGAAAGGCC"
"sgKRBOX1_5";213;143;292;34;306;173;346;119;104;176;106;220;5;14;159;285;109;220;281;26;196;348;347;326;575;133;35;391;"KRBOX1";"AAAACAGCTCACCTGGGGCC"
